Project,Period,Version,Classes Total,Classes w/ Atoms,LoC,N.Atoms,Number of Atoms per LoC (10^-3),Atom Diffusion,Atom Density
Commons-Bcel,Before CI/CD,Mean,381.0,86.25,45448.75,369.25,8.264853184833148,0.22744844107203657,4.289101815424965
Commons-Bcel,After CI/CD,Mean,509.2,103.0,60974.0,439.4,7.203473408908488,0.20314683889388618,4.259308496871244
Commons-Bcel,Before CI/CD,Median,356.0,83.5,42390.5,364.0,8.580913815748058,0.23085874799357944,4.317261904761905
Commons-Bcel,After CI/CD,Median,497.0,103.0,59784.0,422.0,6.852684250699686,0.2076271186440678,4.122448979591836
Commons-Bcel,Before CI/CD,Geo-Mean,378.3576365711779,85.9841416641746,44850.29178655714,368.6741606831489,8.22010617985881,0.22725626061996745,4.287699493739989
Commons-Bcel,After CI/CD,Geo-Mean,507.226904633061,102.90107938677316,60926.75896508493,437.8985778161536,7.187294798777975,0.2028699157060961,4.255529489348006
