Project,Period,Version,Classes Total,Classes w/ Atoms,LoC,N.Atoms,Number of Atoms per LoC (10^-3),Atom Diffusion,Atom Density
Commons-Vfs,Before CI/CD,Mean,323.6666666666667,72.33333333333333,40702.0,287.3333333333333,7.113269481707394,0.22367241319313202,3.997542345212596
Commons-Vfs,After CI/CD,Mean,471.8,98.0,47859.6,332.8,6.995028922040004,0.2084537588117338,3.4118299881941923
Commons-Vfs,Before CI/CD,Median,309.0,74.0,40448.0,290.0,7.3979591836734695,0.21774193548387097,4.202702702702703
Commons-Vfs,After CI/CD,Median,517.0,105.0,51679.0,340.0,7.004779504247373,0.20696324951644102,3.4095238095238094
Commons-Vfs,Before CI/CD,Geo-Mean,321.83490115360297,71.89568226480151,40449.4432501897,286.59347479416505,7.085226687089729,0.22339305652399585,3.986240421762783
Commons-Vfs,After CI/CD,Geo-Mean,467.1107777498487,97.33444030708364,47489.775969273185,331.6817620531614,6.984277253018955,0.20837549665618935,3.40765058089128
