Project,Period,Version,Classes Total,Classes w/ Atoms,LoC,N.Atoms,Number of Atoms per LoC (10^-3),Atom Diffusion,Atom Density
Commons-Net,Before CI/CD,Mean,192.83333333333334,66.66666666666667,36102.166666666664,389.8333333333333,10.466614410742459,0.3408888373544381,5.707808375156304
Commons-Net,After CI/CD,Mean,252.5,100.0,47762.25,574.5,12.091288864332691,0.39600176037450985,5.744960214192774
Commons-Net,Before CI/CD,Median,195.0,64.5,35959.5,402.5,11.142682841067103,0.33854166666666663,5.984623015873016
Commons-Net,After CI/CD,Median,252.0,100.0,49336.0,574.5,11.55925372979222,0.39683164574901975,5.744920428385547
Commons-Net,Before CI/CD,Geo-Mean,187.8397259121966,63.804208580869066,34876.004584488976,359.9156565616677,10.319864928614537,0.33967366738329635,5.640939125598436
Commons-Net,After CI/CD,Geo-Mean,252.48963479355646,99.97749240226084,47666.17617272964,574.3613559844287,12.049662928763052,0.39596671952100365,5.744906600312373
