Project,Period,Version,Classes Total,Classes w/ Atoms,LoC,N.Atoms,Number of Atoms per LoC (10^-3),Atom Diffusion,Atom Density
Infinity-For-Reddit,Before CI/CD,Mean,480.6666666666667,126.33333333333333,62793.333333333336,855.6666666666666,13.342019834651163,0.2622354702412651,6.634602317619655
Infinity-For-Reddit,After CI/CD,Mean,649.5,181.66666666666666,89922.5,1532.0,17.042440194045863,0.2795193437441292,8.41973789807605
Infinity-For-Reddit,Before CI/CD,Median,497.0,131.0,63984.5,850.0,13.268701581810951,0.26168359271197994,6.480606590842811
Infinity-For-Reddit,After CI/CD,Median,644.5,180.5,89040.0,1496.5,16.99467302873861,0.28006208696992463,8.470027164789549
Infinity-For-Reddit,Before CI/CD,Geo-Mean,476.0850625849639,124.8247438723574,62112.51215720996,819.3857821790501,13.19196010145495,0.26219000275834314,6.564289713399546
Infinity-For-Reddit,After CI/CD,Geo-Mean,647.2056174055915,180.89995789462046,89337.66287043395,1522.3755888682235,17.040691909258012,0.2795092518198185,8.41556629745073
