Project,Period,Version,Classes Total,Classes w/ Atoms,LoC,N.Atoms,Number of Atoms per LoC (10^-3),Atom Diffusion,Atom Density
Struts,Before CI/CD,Mean,663.1428571428571,123.0,60195.857142857145,448.0,7.190132253102175,0.18354375409379045,3.5236041097477733
Struts,After CI/CD,Mean,1185.7142857142858,234.28571428571428,121698.57142857143,990.5714285714286,8.229367778335773,0.19761992103920206,4.228018590971722
Struts,Before CI/CD,Median,575.0,102.0,51068.0,341.0,6.677371348006579,0.17739130434782607,3.343137254901961
Struts,After CI/CD,Median,1188.0,233.0,115935.0,987.0,8.565144261870875,0.1978114478114478,4.268398268398268
Struts,Before CI/CD,Geo-Mean,640.7096364450225,117.44672578653619,57632.029459737474,411.51059547836223,7.140310680293654,0.18330725668212108,3.5038064511589497
Struts,After CI/CD,Geo-Mean,1185.51159247281,234.25743784362845,120994.13510923603,990.1112297007528,8.18313407345621,0.1976002928448809,4.2265946337280065
