Project,Period,Version,Classes Total,Classes w/ Atoms,LoC,N.Atoms,Number of Atoms per LoC (10^-3),Atom Diffusion,Atom Density
Freemarker,Before CI/CD,Mean,1068.6,237.6,95238.6,1968.8,20.788571619067604,0.22666875480959817,8.199235291465882
Freemarker,After CI/CD,Mean,1366.8,284.8,123164.6,2455.4,19.955925863133427,0.20864497339905413,8.620613789472056
Freemarker,Before CI/CD,Median,1210.0,259.0,108051.0,2196.0,20.355086117672037,0.21586263286999183,8.496212121212121
Freemarker,After CI/CD,Median,1354.0,285.0,122556.0,2469.0,20.14589248996377,0.21048744460856722,8.594202898550725
Freemarker,Before CI/CD,Geo-Mean,1038.5484878001728,234.46957014433735,92215.6470655263,1916.2663428434794,20.78027323803113,0.22576660878009128,8.172772021818634
Freemarker,After CI/CD,Geo-Mean,1364.5512341561978,284.63044127850026,122976.43369561434,2453.659016183313,19.95227006059144,0.2085890468264523,8.620508070612514
