Project,Period,Version,Classes Total,Classes w/ Atoms,LoC,N.Atoms,Number of Atoms per LoC (10^-3),Atom Diffusion,Atom Density
Commons-Configuration,Before CI/CD,Mean,216.16666666666666,50.333333333333336,49029.5,248.33333333333334,5.13864689926529,0.23208490334800655,4.874533951511639
Commons-Configuration,After CI/CD,Mean,495.85714285714283,113.71428571428571,103369.14285714286,384.7142857142857,3.759880653410184,0.22939121746100624,3.389385751366791
Commons-Configuration,Before CI/CD,Median,243.0,57.0,54969.5,296.0,4.789637574567035,0.22935863308534116,4.931795131845842
Commons-Configuration,After CI/CD,Median,496.0,115.0,108529.0,378.0,3.4737259165752934,0.2318548387096774,3.289473684210526
Commons-Configuration,Before CI/CD,Geo-Mean,196.98619184099562,45.553855021234845,43595.0818889165,220.28829596851122,5.053053840564443,0.23125405184747805,4.835777254544629
Commons-Configuration,After CI/CD,Geo-Mean,495.82756388296514,113.65318865317694,102992.5554651175,384.5297023358072,3.7335679321603314,0.2292191820945307,3.3833604397078103
