Project,Period,Version,Classes Total,Classes w/ Atoms,LoC,N.Atoms,Number of Atoms per LoC (10^-3),Atom Diffusion,Atom Density
Commons-Codec,Before CI/CD,Mean,89.25,31.125,20046.25,424.625,22.118828522830608,0.3524004632570585,14.548147050318104
Commons-Codec,After CI/CD,Mean,143.2,53.8,33917.8,613.4,18.06577844459689,0.3755303683185976,11.377950050076528
Commons-Codec,Before CI/CD,Median,101.0,34.5,21776.5,453.5,20.69411251950079,0.3495887191539365,13.28974358974359
Commons-Codec,After CI/CD,Median,143.0,54.0,33065.0,633.0,18.01751391880928,0.37579617834394907,11.5
Commons-Codec,Before CI/CD,Geo-Mean,82.84279752981189,29.160643097464103,19069.51904626127,416.39601378204827,21.83568514611728,0.3519997388664999,14.279383770458043
Commons-Codec,After CI/CD,Geo-Mean,142.9705047650014,53.68339964833802,33808.707863820935,610.4102169460035,18.054822426361095,0.3754858370023711,11.370558141708555
