Project,Period,Version,Classes Total,Classes w/ Atoms,LoC,N.Atoms,Number of Atoms per LoC (10^-3),Atom Diffusion,Atom Density
Commons-DBCP,Before CI/CD,Mean,90.85714285714286,22.142857142857142,19606.85714285714,113.14285714285714,6.169193280476406,0.250304821071021,5.225228475228476
Commons-DBCP,After CI/CD,Mean,147.625,33.875,37509.375,146.625,4.002088071174321,0.22900933052550768,4.360614965567601
Commons-DBCP,Before CI/CD,Median,109.0,24.0,24287.0,117.0,5.72322641742496,0.2288135593220339,4.875
Commons-DBCP,After CI/CD,Median,152.0,34.5,41555.5,146.0,3.770090395415842,0.22760695187165775,4.51520737327189
Commons-DBCP,Before CI/CD,Geo-Mean,86.4188781786002,21.36552774870383,18312.973994339198,110.77284901270511,6.0488727307179415,0.24723218119712362,5.184653068980496
Commons-DBCP,After CI/CD,Geo-Mean,146.97098780293612,33.64645600260461,36881.095500525604,146.28441495541776,3.966379332558954,0.22893263837703087,4.347691624463918
