Project,Period,Version,Classes Total,Classes w/ Atoms,LoC,N.Atoms,Number of Atoms per LoC (10^-3),Atom Diffusion,Atom Density
Commons-Compress,Before CI/CD,Mean,202.83333333333334,88.83333333333333,35550.166666666664,839.5,23.769456169904288,0.4391545104129167,9.623391480730222
Commons-Compress,After CI/CD,Mean,463.1666666666667,177.33333333333334,73097.16666666667,1487.5,20.532192440092512,0.3882429711561988,8.394962813322321
Commons-Compress,Before CI/CD,Median,207.0,87.5,37514.5,904.5,23.470926795737235,0.43143469433792014,9.320588235294117
Commons-Compress,After CI/CD,Median,398.0,156.5,63469.0,1307.5,20.61181566745424,0.39285714285714285,8.351455790310869
Commons-Compress,Before CI/CD,Geo-Mean,192.750003140029,84.5779646126799,34075.07748558542,809.0855482108642,23.74420274034968,0.4387961776126963,9.566150615187146
Commons-Compress,After CI/CD,Geo-Mean,443.0325951818662,171.80869737007583,70277.15914825138,1442.0912164000795,20.520055646500364,0.3878014828672995,8.393586811812073
