Project,Period,Version,Classes Total,Classes w/ Atoms,LoC,N.Atoms,Number of Atoms per LoC (10^-3),Atom Diffusion,Atom Density
Commons-Lang,Before CI/CD,Mean,385.8333333333333,89.0,102414.66666666667,1223.3333333333333,11.732268244441387,0.2310290397818223,13.556240352107041
Commons-Lang,After CI/CD,Mean,558.3333333333334,108.16666666666667,138667.83333333334,1708.3333333333333,12.359132624689074,0.19555944327174812,15.828777389150803
Commons-Lang,Before CI/CD,Median,388.0,88.5,101481.0,1230.5,11.544585236544723,0.2330778880767972,13.54273343373494
Commons-Lang,After CI/CD,Median,549.0,106.0,136536.0,1712.0,12.515346262851288,0.19697503492680557,16.117924528301884
Commons-Lang,Before CI/CD,Geo-Mean,384.6984457300537,88.82999330090466,101965.50807262529,1170.4280623811549,11.478666506987,0.23090811592006652,13.176045825157525
Commons-Lang,After CI/CD,Geo-Mean,554.3576258390591,108.02416514504287,138409.86598456022,1708.2438932676414,12.341922890512716,0.19486367664112253,15.813534786165679
